<?xml version="1.0" encoding="UTF-8" standalone="yes"?>
<addon id="repository.sparkgfx" name="SparkGFX Repository" version="0.0.1" provider-name="SparkGFX">
	<extension point="xbmc.addon.repository" name="SparkGFX Repository">
		<dir>
			<info compressed="false">https://raw.githubusercontent.com/noobsandnerds/modules4all/master/zips/addons.xml</info>
			<checksum>https://raw.githubusercontent.com/noobsandnerds/modules4all/master/zips/addons.xml.md5</checksum>
			<datadir zip="true">https://raw.githubusercontent.com/noobsandnerds/modules4all/master/zips/</datadir>
		</dir>
		<info compressed="false">https://raw.githubusercontent.com/my_github_sparkgfx/repository.sparkgfx/master/zips/addons.xml</info>
		<checksum>https://raw.githubusercontent.com/my_github_sparkgfx/repository.sparkgfx/master/zips/addons.xml.md5</checksum>
		<datadir zip="true">https://raw.githubusercontent.com/my_github_sparkgfx/repository.sparkgfx/master/zips/</datadir>
	</extension>
	<extension point="xbmc.addon.metadata">
		<summary lang="en">SparkGFX Personal Repository</summary>
		<description lang="en">For personal use only.</description>
		<genre>livetv,subscription,uk,usa</genre>
	</extension>
</addon>